paperId,method,node,section,basis,evidence,sourceUrl
ref-chao2019gaitset,Gaitset: Regarding gait as a set for cross-view gait recognition,Gait Modalities and Representations,IV-A,Survey discussion,"A silhouette suppresses color and texture while retaining projected body contour. Its compactness supports effective sequence processing in GaitSet, GaitPart, and GaitGL. Clothing and carried objects nevertheless change the contour itself, and coherent segmentation errors may persist across frames. GaitEdge connects segmentation and alignment to recognition; analysis of cropping further shows how normalization affects the resulting evidence.",https://doi.org/10.1609/aaai.v33i01.33018126
fan2020gaitpart-cvpr-2020,GaitPart,Gait Modalities and Representations,IV-A,Survey discussion,"A silhouette suppresses color and texture while retaining projected body contour. Its compactness supports effective sequence processing in GaitSet, GaitPart, and GaitGL. Clothing and carried objects nevertheless change the contour itself, and coherent segmentation errors may persist across frames. GaitEdge connects segmentation and alignment to recognition; analysis of cropping further shows how normalization affects the resulting evidence.",https://openaccess.thecvf.com/content_CVPR_2020/html/Fan_GaitPart_Temporal_Part-Based_Model_for_Gait_Recognition_CVPR_2020_paper.html
lin2021gait-iccv-2021,GaitGL,Gait Modalities and Representations,IV-A,Survey discussion,"A silhouette suppresses color and texture while retaining projected body contour. Its compactness supports effective sequence processing in GaitSet, GaitPart, and GaitGL. Clothing and carried objects nevertheless change the contour itself, and coherent segmentation errors may persist across frames. GaitEdge connects segmentation and alignment to recognition; analysis of cropping further shows how normalization affects the resulting evidence.",https://openaccess.thecvf.com/content/ICCV2021/html/Lin_Gait_Recognition_via_Effective_Global-Local_Feature_Representation_and_Local_Temporal_ICCV_2021_paper.html
liang2022gaitedge-eccv-2022,GaitEdge,Gait Modalities and Representations,IV-A,Survey discussion,"A silhouette suppresses color and texture while retaining projected body contour. Its compactness supports effective sequence processing in GaitSet, GaitPart, and GaitGL. Clothing and carried objects nevertheless change the contour itself, and coherent segmentation errors may persist across frames. GaitEdge connects segmentation and alignment to recognition; analysis of cropping further shows how normalization affects the resulting evidence.",https://arxiv.org/abs/2203.03972
okimura2024cropping-ijcb-2024,CVL,Gait Modalities and Representations,IV-A,Survey discussion,"A silhouette suppresses color and texture while retaining projected body contour. Its compactness supports effective sequence processing in GaitSet, GaitPart, and GaitGL. Clothing and carried objects nevertheless change the contour itself, and coherent segmentation errors may persist across frames. GaitEdge connects segmentation and alignment to recognition; analysis of cropping further shows how normalization affects the resulting evidence.",https://doi.org/10.1109/IJCB62174.2024.10744433
fu2023gpgait-iccv-2023,GPGait,Gait Modalities and Representations,IV-A,Survey discussion,"Skeletons retain articulation with little texture or contour information. GPGait combines body-coordinate processing with graph learning; SkeletonGait renders joints as maps and uses convolutions. These routes separate the choice of skeletal evidence from graph topology. OpenGait's reduced-channel SkeletonGait remains competitive at a parameter count close to GPGait, although pose sources and encoding choices also differ. Shared pose-processing baselines help localize these effects. Both routes remain exposed to occlusion and upstream estimation error.",https://openaccess.thecvf.com/content/ICCV2023/html/Fu_GPGait_Generalized_Pose-based_Gait_Recognition_ICCV_2023_paper.html
fan2024skegait-aaai-2024,SkeletonGait++,Gait Modalities and Representations,IV-A,Survey discussion,"Skeletons retain articulation with little texture or contour information. GPGait combines body-coordinate processing with graph learning; SkeletonGait renders joints as maps and uses convolutions. These routes separate the choice of skeletal evidence from graph topology. OpenGait's reduced-channel SkeletonGait remains competitive at a parameter count close to GPGait, although pose sources and encoding choices also differ. Shared pose-processing baselines help localize these effects. Both routes remain exposed to occlusion and upstream estimation error.",
fan2025opengait-tpami-2025,OpenGait,Gait Modalities and Representations,IV-A,Survey discussion,"Skeletons retain articulation with little texture or contour information. GPGait combines body-coordinate processing with graph learning; SkeletonGait renders joints as maps and uses convolutions. These routes separate the choice of skeletal evidence from graph topology. OpenGait's reduced-channel SkeletonGait remains competitive at a parameter count close to GPGait, although pose sources and encoding choices also differ. Shared pose-processing baselines help localize these effects. Both routes remain exposed to occlusion and upstream estimation error.",https://doi.org/10.1109/TPAMI.2025.3576283
meng2025fastposegait-tpami-2025,GPGait++,Gait Modalities and Representations,IV-A,Survey discussion,"Skeletons retain articulation with little texture or contour information. GPGait combines body-coordinate processing with graph learning; SkeletonGait renders joints as maps and uses convolutions. These routes separate the choice of skeletal evidence from graph topology. OpenGait's reduced-channel SkeletonGait remains competitive at a parameter count close to GPGait, although pose sources and encoding choices also differ. Shared pose-processing baselines help localize these effects. Both routes remain exposed to occlusion and upstream estimation error.",https://doi.org/10.1109/TPAMI.2025.3577594
zheng2023parsing-acmmm-2023,ParsingGait,Gait Modalities and Representations,IV-A,Survey discussion,"Parsing supplies denser body-region correspondence. ParsingGait and XGait exploit semantic regions and cross-granularity alignment, respectively, with related part representations and higher-order relations developed in subsequent work. SMPLGait introduces recovered body geometry, and occlusion-aware mesh learning extends this route. Such estimates regularize observations but can smooth individual detail or propagate fitting errors; unlike measured geometry, they depend on the image and body prior.",https://doi.org/10.1145/3581783.3612052
zheng2024takes-acmmm-2024,Xgait,Gait Modalities and Representations,IV-A,Survey discussion,"Parsing supplies denser body-region correspondence. ParsingGait and XGait exploit semantic regions and cross-granularity alignment, respectively, with related part representations and higher-order relations developed in subsequent work. SMPLGait introduces recovered body geometry, and occlusion-aware mesh learning extends this route. Such estimates regularize observations but can smooth individual detail or propagate fitting errors; unlike measured geometry, they depend on the image and body prior.",https://doi.org/10.1145/3664647.3680577
wang2023gaitparsing-tmm-2024,GaitParsing,Gait Modalities and Representations,IV-A,Survey discussion,"Parsing supplies denser body-region correspondence. ParsingGait and XGait exploit semantic regions and cross-granularity alignment, respectively, with related part representations and higher-order relations developed in subsequent work. SMPLGait introduces recovered body geometry, and occlusion-aware mesh learning extends this route. Such estimates regularize observations but can smooth individual detail or propagate fitting errors; unlike measured geometry, they depend on the image and body prior.",
zheng2026hypergait-cvpr-2026,HyperGait,Gait Modalities and Representations,IV-A,Survey discussion,"Parsing supplies denser body-region correspondence. ParsingGait and XGait exploit semantic regions and cross-granularity alignment, respectively, with related part representations and higher-order relations developed in subsequent work. SMPLGait introduces recovered body geometry, and occlusion-aware mesh learning extends this route. Such estimates regularize observations but can smooth individual detail or propagate fitting errors; unlike measured geometry, they depend on the image and body prior.",https://openaccess.thecvf.com/content/CVPR2026/html/Zheng_HyperGait_Unleashing_the_Power_of_Parsing_for_Gait_Recognition_in_CVPR_2026_paper.html
zheng2022gait-cvpr-2022,SMPLGait,Gait Modalities and Representations,IV-A,Survey discussion,"Parsing supplies denser body-region correspondence. ParsingGait and XGait exploit semantic regions and cross-granularity alignment, respectively, with related part representations and higher-order relations developed in subsequent work. SMPLGait introduces recovered body geometry, and occlusion-aware mesh learning extends this route. Such estimates regularize observations but can smooth individual detail or propagate fitting errors; unlike measured geometry, they depend on the image and body prior.",https://openaccess.thecvf.com/content/CVPR2022/html/Zheng_Gait_Recognition_in_the_Wild_With_Dense_3D_Representations_and_CVPR_2022_paper.html
xu2023occlusion-tifs-2023,Occlusion-Aware Mesh,Gait Modalities and Representations,IV-A,Survey discussion,"Parsing supplies denser body-region correspondence. ParsingGait and XGait exploit semantic regions and cross-granularity alignment, respectively, with related part representations and higher-order relations developed in subsequent work. SMPLGait introduces recovered body geometry, and occlusion-aware mesh learning extends this route. Such estimates regularize observations but can smooth individual detail or propagate fitting errors; unlike measured geometry, they depend on the image and body prior.",https://doi.org/10.1109/TIFS.2023.3236181
zhang2020learning-tpami-2022,GaitNet,Gait Modalities and Representations,IV-A,Survey discussion,"RGB retains evidence removed by explicit preprocessing. GaitNet learns disentangled representations; BigGait adapts pretrained visual features, and BiggerGait uses complementary layers. Gait-X instead applies frequency decomposition without a learned upstream estimator. Explicit transformations constrain the retained information before learning; RGB adaptation learns which details to use from richer observations and external priors. Cross-clothing and cross-domain tests assess which shape and appearance details remain useful across encounters.",
ye2024biggait-cvpr-2024,BigGait,Gait Modalities and Representations,IV-A,Survey discussion,"RGB retains evidence removed by explicit preprocessing. GaitNet learns disentangled representations; BigGait adapts pretrained visual features, and BiggerGait uses complementary layers. Gait-X instead applies frequency decomposition without a learned upstream estimator. Explicit transformations constrain the retained information before learning; RGB adaptation learns which details to use from richer observations and external priors. Cross-clothing and cross-domain tests assess which shape and appearance details remain useful across encounters.",https://openaccess.thecvf.com/content/CVPR2024/html/Ye_BigGait_Learning_Gait_Representation_You_Want_by_Large_Vision_Models_CVPR_2024_paper.html
ref-ye2025biggergait,BiggerGait,Gait Modalities and Representations,IV-A,Survey discussion,"RGB retains evidence removed by explicit preprocessing. GaitNet learns disentangled representations; BigGait adapts pretrained visual features, and BiggerGait uses complementary layers. Gait-X instead applies frequency decomposition without a learned upstream estimator. Explicit transformations constrain the retained information before learning; RGB adaptation learns which details to use from richer observations and external priors. Cross-clothing and cross-domain tests assess which shape and appearance details remain useful across encounters.",https://proceedings.neurips.cc/paper_files/paper/2025/file/6a5c23219f401f3efd322579002dbb80-Paper-Conference.pdf
wang2025gaitx-acmmm-2025,Gait-X,Gait Modalities and Representations,IV-A,Survey discussion,"RGB retains evidence removed by explicit preprocessing. GaitNet learns disentangled representations; BigGait adapts pretrained visual features, and BiggerGait uses complementary layers. Gait-X instead applies frequency decomposition without a learned upstream estimator. Explicit transformations constrain the retained information before learning; RGB adaptation learns which details to use from richer observations and external priors. Cross-clothing and cross-domain tests assess which shape and appearance details remain useful across encounters.",https://openaccess.thecvf.com/content/ICCV2025/html/Wang_Gait-X_Exploring_X_modality_for_Generalized_Gait_Recognition_ICCV_2025_paper.html
castro2024attengait-pr-2024,AttenGait,Gait Modalities and Representations,IV-A,Survey discussion,"Optical flow provides estimated motion, complementing contour in AttenGait and MultiGait. Its contribution depends on alignment, camera motion, and extraction cost, especially for low-quality video.",https://doi.org/10.1016/j.patcog.2023.110171
jin2025exploring-aaai-2025,MultiGait++,Gait Modalities and Representations,IV-A,Survey discussion,"Optical flow provides estimated motion, complementing contour in AttenGait and MultiGait. Its contribution depends on alignment, camera motion, and extraction cost, especially for low-quality video.",https://ojs.aaai.org/index.php/AAAI/article/view/32432
shen2023lidargait-cvpr-2023,LidarGait,Gait Modalities and Representations,IV-A,Survey discussion,"LiDAR measures geometry independently of visible-light texture. LidarGait established a projection baseline, and LidarGait++ develops size-aware local geometric features; point-based and multiscale temporal designs provide related alternatives. Geometry can remain informative at night, but garments, sparsity, and occlusion still affect the observed surface.",https://openaccess.thecvf.com/content/CVPR2023/html/Shen_LidarGait_Benchmarking_3D_Gait_Recognition_With_Point_Clouds_CVPR_2023_paper.html
shen2025lidargait-cvpr-2025,LidarGait++,Gait Modalities and Representations,IV-A,Survey discussion,"LiDAR measures geometry independently of visible-light texture. LidarGait established a projection baseline, and LidarGait++ develops size-aware local geometric features; point-based and multiscale temporal designs provide related alternatives. Geometry can remain informative at night, but garments, sparsity, and occlusion still affect the observed surface.",https://openaccess.thecvf.com/content/CVPR2025/html/Shen_LidarGait_Learning_Local_Features_and_Size_Awareness_from_LiDAR_Point_CVPR_2025_paper.html
wang2023pointgait-ijcb-2023,PointGait,Gait Modalities and Representations,IV-A,Survey discussion,"LiDAR measures geometry independently of visible-light texture. LidarGait established a projection baseline, and LidarGait++ develops size-aware local geometric features; point-based and multiscale temporal designs provide related alternatives. Geometry can remain informative at night, but garments, sparsity, and occlusion still affect the observed surface.",https://doi.org/10.1109/IJCB57857.2023.10448817
xu2026ms2gait-cvpr-2026,MS2Gait,Gait Modalities and Representations,IV-A,Survey discussion,"LiDAR measures geometry independently of visible-light texture. LidarGait established a projection baseline, and LidarGait++ develops size-aware local geometric features; point-based and multiscale temporal designs provide related alternatives. Geometry can remain informative at night, but garments, sparsity, and occlusion still affect the observed surface.",https://openaccess.thecvf.com/content/CVPR2026/papers/Xu_MS2Gait_A_Multi-Scale_Spatio-Temporal_Fusion_Network_for_LiDAR-based_Gait_Recognition_CVPR_2026_paper.pdf
ref-wang2019ev,EV-gait: Event-based robust gait recognition using dynamic vision sensors,Gait Modalities and Representations,IV-A,Survey discussion,"Event cameras asynchronously record brightness changes. EventGait combines event-based dynamics and shape, extending earlier event representations. Physical and simulated event streams require separate interpretation because their acquisition and noise differ.",
xu2026eventgait-cvpr-2026,EventGait,Gait Modalities and Representations,IV-A,Survey discussion,"Event cameras asynchronously record brightness changes. EventGait combines event-based dynamics and shape, extending earlier event representations. Physical and simulated event streams require separate interpretation because their acquisition and noise differ.",https://openaccess.thecvf.com/content/CVPR2026/html/Xu_EventGait_Towards_Robust_Gait_Recognition_with_Event_Streams_CVPR_2026_paper.html
wang2021event-tpami-2022,EV-Gait,Gait Modalities and Representations,IV-A,Survey discussion,"Event cameras asynchronously record brightness changes. EventGait combines event-based dynamics and shape, extending earlier event representations. Physical and simulated event streams require separate interpretation because their acquisition and noise differ.",
chen2024egst-tifs-2024,EGST,Gait Modalities and Representations,IV-A,Survey discussion,"Event cameras asynchronously record brightness changes. EventGait combines event-based dynamics and shape, extending earlier event representations. Physical and simulated event streams require separate interpretation because their acquisition and noise differ.",https://doi.org/10.1109/TIFS.2024.3409167
cui2023multi-cvpr-2023,MMGaitFormer,Gait Modalities and Representations,IV-A,Survey discussion,"Additional modalities can be fused at inference, matched across heterogeneous probe and gallery observations, or used only to supervise training. MMGaitFormer and SkeletonGait++ combine complementary visual representations; MultiGait++ refines fusion across silhouette, parsing, and flow. Related multimodal learning explores temporal coordination. CL-Gait aligns camera and LiDAR embeddings through contrastive pretraining, while long-range and text-guided methods extend cross-modal learning. MMGait and OmniGait provide a common setting for heterogeneous modality configurations.",https://openaccess.thecvf.com/content/CVPR2023/html/Cui_Multi-Modal_Gait_Recognition_via_Effective_Spatial-Temporal_Feature_Fusion_CVPR_2023_paper.html
fan2024skegait-aaai-2024,SkeletonGait++,Gait Modalities and Representations,IV-A,Survey discussion,"Additional modalities can be fused at inference, matched across heterogeneous probe and gallery observations, or used only to supervise training. MMGaitFormer and SkeletonGait++ combine complementary visual representations; MultiGait++ refines fusion across silhouette, parsing, and flow. Related multimodal learning explores temporal coordination. CL-Gait aligns camera and LiDAR embeddings through contrastive pretraining, while long-range and text-guided methods extend cross-modal learning. MMGait and OmniGait provide a common setting for heterogeneous modality configurations.",
jin2025exploring-aaai-2025,MultiGait++,Gait Modalities and Representations,IV-A,Survey discussion,"Additional modalities can be fused at inference, matched across heterogeneous probe and gallery observations, or used only to supervise training. MMGaitFormer and SkeletonGait++ combine complementary visual representations; MultiGait++ refines fusion across silhouette, parsing, and flow. Related multimodal learning explores temporal coordination. CL-Gait aligns camera and LiDAR embeddings through contrastive pretraining, while long-range and text-guided methods extend cross-modal learning. MMGait and OmniGait provide a common setting for heterogeneous modality configurations.",https://ojs.aaai.org/index.php/AAAI/article/view/32432
sun2024trigait-tbiom-2025,TriGait,Gait Modalities and Representations,IV-A,Survey discussion,"Additional modalities can be fused at inference, matched across heterogeneous probe and gallery observations, or used only to supervise training. MMGaitFormer and SkeletonGait++ combine complementary visual representations; MultiGait++ refines fusion across silhouette, parsing, and flow. Related multimodal learning explores temporal coordination. CL-Gait aligns camera and LiDAR embeddings through contrastive pretraining, while long-range and text-guided methods extend cross-modal learning. MMGait and OmniGait provide a common setting for heterogeneous modality configurations.",
guo2024camera-eccv-2024,CL-Gait,Gait Modalities and Representations,IV-A,Survey discussion,"Additional modalities can be fused at inference, matched across heterogeneous probe and gallery observations, or used only to supervise training. MMGaitFormer and SkeletonGait++ combine complementary visual representations; MultiGait++ refines fusion across silhouette, parsing, and flow. Related multimodal learning explores temporal coordination. CL-Gait aligns camera and LiDAR embeddings through contrastive pretraining, while long-range and text-guided methods extend cross-modal learning. MMGait and OmniGait provide a common setting for heterogeneous modality configurations.",
lu2026walking-aaai-2026,EMGaitNet,Gait Modalities and Representations,IV-A,Survey discussion,"Additional modalities can be fused at inference, matched across heterogeneous probe and gallery observations, or used only to supervise training. MMGaitFormer and SkeletonGait++ combine complementary visual representations; MultiGait++ refines fusion across silhouette, parsing, and flow. Related multimodal learning explores temporal coordination. CL-Gait aligns camera and LiDAR embeddings through contrastive pretraining, while long-range and text-guided methods extend cross-modal learning. MMGait and OmniGait provide a common setting for heterogeneous modality configurations.",https://ojs.aaai.org/index.php/AAAI/article/view/37703
lu2026textguided-cvpr-2026,TCFDNet,Gait Modalities and Representations,IV-A,Survey discussion,"Additional modalities can be fused at inference, matched across heterogeneous probe and gallery observations, or used only to supervise training. MMGaitFormer and SkeletonGait++ combine complementary visual representations; MultiGait++ refines fusion across silhouette, parsing, and flow. Related multimodal learning explores temporal coordination. CL-Gait aligns camera and LiDAR embeddings through contrastive pretraining, while long-range and text-guided methods extend cross-modal learning. MMGait and OmniGait provide a common setting for heterogeneous modality configurations.",https://openaccess.thecvf.com/content/CVPR2026/html/Lu_Text-guided_Feature_Disentanglement_for_Cross-modal_Gait_Recognition_CVPR_2026_paper.html
wang2026mmgait-cvpr-2026,OmniGait,Gait Modalities and Representations,IV-A,Survey discussion,"Additional modalities can be fused at inference, matched across heterogeneous probe and gallery observations, or used only to supervise training. MMGaitFormer and SkeletonGait++ combine complementary visual representations; MultiGait++ refines fusion across silhouette, parsing, and flow. Related multimodal learning explores temporal coordination. CL-Gait aligns camera and LiDAR embeddings through contrastive pretraining, while long-range and text-guided methods extend cross-modal learning. MMGait and OmniGait provide a common setting for heterogeneous modality configurations.",https://arxiv.org/abs/2604.15979
ref-chao2019gaitset,Gaitset: Regarding gait as a set for cross-view gait recognition,Gait Backbone Architectures,IV-B,Survey discussion,"Set pooling offers variable-length aggregation without requiring temporal alignment. In an idealized frame-wise encoder followed by symmetric pooling, z=\!(Pool_t=1^T(x_t)), the representation is invariant to frame permutations. This simplifies aggregation when ordering or phase alignment is unreliable, while discarding the order of otherwise identical frames. Local temporal operations before pooling can retain ordering information within their receptive fields.",https://doi.org/10.1609/aaai.v33i01.33018126
fan2020gaitpart-cvpr-2020,GaitPart,Gait Backbone Architectures,IV-B,Survey discussion,"GaitPart captures local micro-motion, GaitGL integrates local and global features, and DyGait emphasizes dynamic regions; hierarchical and adaptive aggregation offer related designs. Fixed body partitions simplify correspondence under good alignment but become unreliable with leaning or partial visibility. MTSGait explores multi-hop temporal interaction, while dynamic aggregation and quality-aware weighting adapt which regions and frames contribute.",https://openaccess.thecvf.com/content_CVPR_2020/html/Fan_GaitPart_Temporal_Part-Based_Model_for_Gait_Recognition_CVPR_2020_paper.html
lin2021gait-iccv-2021,GaitGL,Gait Backbone Architectures,IV-B,Survey discussion,"GaitPart captures local micro-motion, GaitGL integrates local and global features, and DyGait emphasizes dynamic regions; hierarchical and adaptive aggregation offer related designs. Fixed body partitions simplify correspondence under good alignment but become unreliable with leaning or partial visibility. MTSGait explores multi-hop temporal interaction, while dynamic aggregation and quality-aware weighting adapt which regions and frames contribute.",https://openaccess.thecvf.com/content/ICCV2021/html/Lin_Gait_Recognition_via_Effective_Global-Local_Feature_Representation_and_Local_Temporal_ICCV_2021_paper.html
wang2023dygait-iccv-2023,DyGait,Gait Backbone Architectures,IV-B,Survey discussion,"GaitPart captures local micro-motion, GaitGL integrates local and global features, and DyGait emphasizes dynamic regions; hierarchical and adaptive aggregation offer related designs. Fixed body partitions simplify correspondence under good alignment but become unreliable with leaning or partial visibility. MTSGait explores multi-hop temporal interaction, while dynamic aggregation and quality-aware weighting adapt which regions and frames contribute.",https://arxiv.org/abs/2303.14953
wang2023hierarchical-iccv-2023,HSTL,Gait Backbone Architectures,IV-B,Survey discussion,"GaitPart captures local micro-motion, GaitGL integrates local and global features, and DyGait emphasizes dynamic regions; hierarchical and adaptive aggregation offer related designs. Fixed body partitions simplify correspondence under good alignment but become unreliable with leaning or partial visibility. MTSGait explores multi-hop temporal interaction, while dynamic aggregation and quality-aware weighting adapt which regions and frames contribute.",https://openaccess.thecvf.com/content/ICCV2023/html/Wang_Hierarchical_Spatio-Temporal_Representation_Learning_for_Gait_Recognition_ICCV_2023_paper.html
ma2023dynamic-cvpr-2023,DANet,Gait Backbone Architectures,IV-B,Survey discussion,"GaitPart captures local micro-motion, GaitGL integrates local and global features, and DyGait emphasizes dynamic regions; hierarchical and adaptive aggregation offer related designs. Fixed body partitions simplify correspondence under good alignment but become unreliable with leaning or partial visibility. MTSGait explores multi-hop temporal interaction, while dynamic aggregation and quality-aware weighting adapt which regions and frames contribute.",https://openaccess.thecvf.com/content/CVPR2023/html/Ma_Dynamic_Aggregated_Network_for_Gait_Recognition_CVPR_2023_paper.html
zheng2022mtsgait-acmmm-2022,MTSGait,Gait Backbone Architectures,IV-B,Survey discussion,"GaitPart captures local micro-motion, GaitGL integrates local and global features, and DyGait emphasizes dynamic regions; hierarchical and adaptive aggregation offer related designs. Fixed body partitions simplify correspondence under good alignment but become unreliable with leaning or partial visibility. MTSGait explores multi-hop temporal interaction, while dynamic aggregation and quality-aware weighting adapt which regions and frames contribute.",https://doi.org/10.1145/3503161.3547897
wang2024qagait-aaai-2024,QAGait,Gait Backbone Architectures,IV-B,Survey discussion,"GaitPart captures local micro-motion, GaitGL integrates local and global features, and DyGait emphasizes dynamic regions; hierarchical and adaptive aggregation offer related designs. Fixed body partitions simplify correspondence under good alignment but become unreliable with leaning or partial visibility. MTSGait explores multi-hop temporal interaction, while dynamic aggregation and quality-aware weighting adapt which regions and frames contribute.",
fan2023opengait-cvpr-2023,GaitBase,Gait Backbone Architectures,IV-B,Survey discussion,"Convolutional encoders exploit spatial locality; 3D or factorized operations additionally model temporal neighborhoods. OpenGait's re-analysis of GaitSet finds that removing selected architectural branches can preserve or improve recognition while reducing parameters. This finding highlights the value of simple, well-trained reference models. SPOSGait extends architecture selection to large-scale data; training scale and search cost remain part of that comparison.",https://doi.org/10.1109/cvpr52729.2023.00936
fan2025opengait-tpami-2025,OpenGait,Gait Backbone Architectures,IV-B,Survey discussion,"Convolutional encoders exploit spatial locality; 3D or factorized operations additionally model temporal neighborhoods. OpenGait's re-analysis of GaitSet finds that removing selected architectural branches can preserve or improve recognition while reducing parameters. This finding highlights the value of simple, well-trained reference models. SPOSGait extends architecture selection to large-scale data; training scale and search cost remain part of that comparison.",https://doi.org/10.1109/TPAMI.2025.3576283
guo2025gait-tpami-2025,SPOSGait,Gait Backbone Architectures,IV-B,Survey discussion,"Convolutional encoders exploit spatial locality; 3D or factorized operations additionally model temporal neighborhoods. OpenGait's re-analysis of GaitSet finds that removing selected architectural branches can preserve or improve recognition while reducing parameters. This finding highlights the value of simple, well-trained reference models. SPOSGait extends architecture selection to large-scale data; training scale and search cost remain part of that comparison.",
fu2023gpgait-iccv-2023,GPGait,Gait Backbone Architectures,IV-B,Survey discussion,"GPGait emphasizes generalizable body coordinates and graph learning; symmetry- and condition-aware graph designs explore complementary joint relations. This provides a compact articulation prior, but transfers uncertainty from the pose source into the learned dependencies. Flexible adjacency helps only if those dependencies remain informative across conditions.",https://openaccess.thecvf.com/content/ICCV2023/html/Fu_GPGait_Generalized_Pose-based_Gait_Recognition_ICCV_2023_paper.html
liu2022symmetry-pr-2022,SDHF-GCN,Gait Backbone Architectures,IV-B,Survey discussion,"GPGait emphasizes generalizable body coordinates and graph learning; symmetry- and condition-aware graph designs explore complementary joint relations. This provides a compact articulation prior, but transfers uncertainty from the pose source into the learned dependencies. Flexible adjacency helps only if those dependencies remain informative across conditions.",https://doi.org/10.1016/j.patcog.2022.108520
huang2023condition-tip-2023,CAG,Gait Backbone Architectures,IV-B,Survey discussion,"GPGait emphasizes generalizable body coordinates and graph learning; symmetry- and condition-aware graph designs explore complementary joint relations. This provides a compact articulation prior, but transfers uncertainty from the pose source into the learned dependencies. Flexible adjacency helps only if those dependencies remain informative across conditions.",https://doi.org/10.1109/TIP.2023.3305822
zhang2020learning-tpami-2022,GaitNet,Gait Backbone Architectures,IV-B,Survey discussion,"Recurrent encoders maintain an ordered state, as in disentangled gait sequence modeling; attention connects selected spatial and temporal tokens. SwinGait uses hierarchical 3D window attention, DeepGaitV2 develops convolutional baselines, and GaT studies a gait-specific Transformer. These mechanisms provide different temporal access, motivating analysis of the identity cues retained by each design.",
ref-fan2023exploring,DeepGaitV2 / SwinGait,Gait Backbone Architectures,IV-B,Survey discussion,"Recurrent encoders maintain an ordered state, as in disentangled gait sequence modeling; attention connects selected spatial and temporal tokens. SwinGait uses hierarchical 3D window attention, DeepGaitV2 develops convolutional baselines, and GaT studies a gait-specific Transformer. These mechanisms provide different temporal access, motivating analysis of the identity cues retained by each design.",https://arxiv.org/abs/2303.03301
hou2026gat-aaai-2026,GaT,Gait Backbone Architectures,IV-B,Survey discussion,"Recurrent encoders maintain an ordered state, as in disentangled gait sequence modeling; attention connects selected spatial and temporal tokens. SwinGait uses hierarchical 3D window attention, DeepGaitV2 develops convolutional baselines, and GaT studies a gait-specific Transformer. These mechanisms provide different temporal access, motivating analysis of the identity cues retained by each design.",https://ojs.aaai.org/index.php/AAAI/article/view/42479
huang2026gaitmax-cvpr-2026,GaitMax,Gait Backbone Architectures,IV-B,Survey discussion,"A published GaitMax ablation illustrates why the temporal question benefits from condition-specific analysis. Its kinematic branch exceeds the order-invariant semantic branch by 6.7 points on CCPG clothing change, while the semantic branch leads by 2.7 points on bag carrying. Fusion improves mean rank-1 to 89.8%, but its clothing score of 85.4% remains below the kinematic branch's 87.6%. These ablation settings differ from the final comparison in Table III. The ablation reveals condition-dependent complementarity between semantic and kinematic cues. Fusion should therefore be assessed against the strongest individual branch for each condition as well as by its aggregate score. A repeated-frame control would test whether a single frame supports the gain; frame shuffling would probe order dependence, and matched-duration sampling would probe temporal coverage. Applying these controls within each covariate condition would help distinguish useful temporal evidence from architectural sensitivity to sequence order.",https://openaccess.thecvf.com/content/CVPR2026/papers/Huang_Unlocking_Motion_from_Large_Vision_Models_with_a_Semantic_and_CVPR_2026_paper.pdf
fan2023opengait-cvpr-2023,GaitBase,Gait Learning Frameworks,IV-C,Survey discussion,"A common recipe combines identity classification with metric learning. For an anchor z_a, positive z_p, and negative z_n, a representative triplet objective is L_ tri=[d(z_a,z_p)-d(z_a,z_n)+m]_+, where m is a margin. Classification separates training identities; metric learning shapes relations used to match unseen people. Part-wise heads, normalization, and batch construction determine how these objectives act on gait sequences.",https://doi.org/10.1109/cvpr52729.2023.00936
han2022unified-pr-2022,A-Softmax + Triplet,Gait Learning Frameworks,IV-C,Survey discussion,"A common recipe combines identity classification with metric learning. For an anchor z_a, positive z_p, and negative z_n, a representative triplet objective is L_ tri=[d(z_a,z_p)-d(z_a,z_n)+m]_+, where m is a margin. Classification separates training identities; metric learning shapes relations used to match unseen people. Part-wise heads, normalization, and batch construction determine how these objectives act on gait sequences.",https://doi.org/10.1016/j.patcog.2021.108519
zhang2020learning-tpami-2022,GaitNet,Gait Learning Frameworks,IV-C,Survey discussion,"GaitNet separates identity-related factors from appearance through reconstruction and latent exchange; group supervision supplies further constraints. GaitGCI and GaitC3I model covariate effects using causality-inspired formulations, alongside interventions across several feature domains. These approaches pursue identity relations that persist under changes to nuisance factors.",
yao2022improving-tcsvt-2023,Group-Supervised Disentangled Representation Learning (GSDRL),Gait Learning Frameworks,IV-C,Survey discussion,"GaitNet separates identity-related factors from appearance through reconstruction and latent exchange; group supervision supplies further constraints. GaitGCI and GaitC3I model covariate effects using causality-inspired formulations, alongside interventions across several feature domains. These approaches pursue identity relations that persist under changes to nuisance factors.",https://doi.org/10.1109/tmm.2022.3171961
dou2023gaitgci-cvpr-2023,GaitGCI,Gait Learning Frameworks,IV-C,Survey discussion,"GaitNet separates identity-related factors from appearance through reconstruction and latent exchange; group supervision supplies further constraints. GaitGCI and GaitC3I model covariate effects using causality-inspired formulations, alongside interventions across several feature domains. These approaches pursue identity relations that persist under changes to nuisance factors.",https://openaccess.thecvf.com/content/CVPR2023/html/Dou_GaitGCI_Generative_Counterfactual_Intervention_for_Gait_Recognition_CVPR_2023_paper.html
wang2025gaitc-tcsvt-2025,GaitC3I,Gait Learning Frameworks,IV-C,Survey discussion,"GaitNet separates identity-related factors from appearance through reconstruction and latent exchange; group supervision supplies further constraints. GaitGCI and GaitC3I model covariate effects using causality-inspired formulations, alongside interventions across several feature domains. These approaches pursue identity relations that persist under changes to nuisance factors.",https://doi.org/10.1109/TCSVT.2025.3545210
xiong2024causality-eccv-2024,CLTD,Gait Learning Frameworks,IV-C,Survey discussion,"GaitNet separates identity-related factors from appearance through reconstruction and latent exchange; group supervision supplies further constraints. GaitGCI and GaitC3I model covariate effects using causality-inspired formulations, alongside interventions across several feature domains. These approaches pursue identity relations that persist under changes to nuisance factors.",
ren2025unsupervised-tbiom-2025,Selective Fusion (SF),Gait Learning Frameworks,IV-C,Survey discussion,"Unsupervised methods infer identity relations from clustering and pseudo-labels; selective fusion and multimodal mutual learning provide complementary cues. Their reliability depends on whether inferred identities remain consistent across conditions. GaitSSB instead develops self-supervised learning from unlabeled walking observations, followed by supervised adaptation. Temporal and augmentation correspondences broaden usable data, although they offer less explicit cross-clothing supervision than identity-linked sessions.",https://doi.org/10.1109/TBIOM.2025.3544805
yang2025multimodal-tifs-2025,M3L,Gait Learning Frameworks,IV-C,Survey discussion,"Unsupervised methods infer identity relations from clustering and pseudo-labels; selective fusion and multimodal mutual learning provide complementary cues. Their reliability depends on whether inferred identities remain consistent across conditions. GaitSSB instead develops self-supervised learning from unlabeled walking observations, followed by supervised adaptation. Temporal and augmentation correspondences broaden usable data, although they offer less explicit cross-clothing supervision than identity-linked sessions.",https://doi.org/10.1109/TIFS.2025.3602638
fan2023learning-tpami-2023,GaitSSB,Gait Learning Frameworks,IV-C,Survey discussion,"Unsupervised methods infer identity relations from clustering and pseudo-labels; selective fusion and multimodal mutual learning provide complementary cues. Their reliability depends on whether inferred identities remain consistent across conditions. GaitSSB instead develops self-supervised learning from unlabeled walking observations, followed by supervised adaptation. Temporal and augmentation correspondences broaden usable data, although they offer less explicit cross-clothing supervision than identity-linked sessions.",
ma2023fine-iccv-2023,UDA,Gait Learning Frameworks,IV-C,Survey discussion,"Fine-grained domain adaptation uses unlabeled target observations; single-source generalization and weak-shot transfer address different data-access settings. Distinguishing target observations, target labels, and source-only training makes their gains interpretable.",https://openaccess.thecvf.com/content/ICCV2023/html/Ma_Fine-grained_Unsupervised_Domain_Adaptation_for_Gait_Recognition_ICCV_2023_paper.html
wang2023progressive-tifs-2023,PSIM,Gait Learning Frameworks,IV-C,Survey discussion,"Fine-grained domain adaptation uses unlabeled target observations; single-source generalization and weak-shot transfer address different data-access settings. Distinguishing target observations, target labels, and source-only training makes their gains interpretable.",https://doi.org/10.1109/TIFS.2023.3298518
hou2024adaptive-tifs-2024,Adaptive Knowledge Transfer (AKT),Gait Learning Frameworks,IV-C,Survey discussion,"Fine-grained domain adaptation uses unlabeled target observations; single-source generalization and weak-shot transfer address different data-access settings. Distinguishing target observations, target labels, and source-only training makes their gains interpretable.",https://doi.org/10.1109/TIFS.2024.3428371
ye2024biggait-cvpr-2024,BigGait,Gait Learning Frameworks,IV-C,Survey discussion,"BigGait and BiggerGait adapt visual representations, whereas GaitLLM brings language-model sequence processing to gait features. Teacher choice and adapted layers determine the knowledge retained. GaitMax combines semantic and kinematic information; related language-guided and cross-modal methods use descriptions to structure motion or nuisance learning. Description quality and training-only versus inference-time access are relevant to these comparisons.",https://openaccess.thecvf.com/content/CVPR2024/html/Ye_BigGait_Learning_Gait_Representation_You_Want_by_Large_Vision_Models_CVPR_2024_paper.html
ref-ye2025biggergait,BiggerGait,Gait Learning Frameworks,IV-C,Survey discussion,"BigGait and BiggerGait adapt visual representations, whereas GaitLLM brings language-model sequence processing to gait features. Teacher choice and adapted layers determine the knowledge retained. GaitMax combines semantic and kinematic information; related language-guided and cross-modal methods use descriptions to structure motion or nuisance learning. Description quality and training-only versus inference-time access are relevant to these comparisons.",https://proceedings.neurips.cc/paper_files/paper/2025/file/6a5c23219f401f3efd322579002dbb80-Paper-Conference.pdf
yang2025bridging-cvpr-2025,GaitLLM,Gait Learning Frameworks,IV-C,Survey discussion,"BigGait and BiggerGait adapt visual representations, whereas GaitLLM brings language-model sequence processing to gait features. Teacher choice and adapted layers determine the knowledge retained. GaitMax combines semantic and kinematic information; related language-guided and cross-modal methods use descriptions to structure motion or nuisance learning. Description quality and training-only versus inference-time access are relevant to these comparisons.",https://openaccess.thecvf.com/content/CVPR2025/html/Yang_Bridging_Gait_Recognition_and_Large_Language_Models_Sequence_Modeling_CVPR_2025_paper.html
huang2026gaitmax-cvpr-2026,GaitMax,Gait Learning Frameworks,IV-C,Survey discussion,"BigGait and BiggerGait adapt visual representations, whereas GaitLLM brings language-model sequence processing to gait features. Teacher choice and adapted layers determine the knowledge retained. GaitMax combines semantic and kinematic information; related language-guided and cross-modal methods use descriptions to structure motion or nuisance learning. Description quality and training-only versus inference-time access are relevant to these comparisons.",https://openaccess.thecvf.com/content/CVPR2026/papers/Huang_Unlocking_Motion_from_Large_Vision_Models_with_a_Semantic_and_CVPR_2026_paper.pdf
wu2026lmgait-aaai-2026,LMGait,Gait Learning Frameworks,IV-C,Survey discussion,"BigGait and BiggerGait adapt visual representations, whereas GaitLLM brings language-model sequence processing to gait features. Teacher choice and adapted layers determine the knowledge retained. GaitMax combines semantic and kinematic information; related language-guided and cross-modal methods use descriptions to structure motion or nuisance learning. Description quality and training-only versus inference-time access are relevant to these comparisons.",https://ojs.aaai.org/index.php/AAAI/article/view/38063
lu2026textguided-cvpr-2026,TCFDNet,Gait Learning Frameworks,IV-C,Survey discussion,"BigGait and BiggerGait adapt visual representations, whereas GaitLLM brings language-model sequence processing to gait features. Teacher choice and adapted layers determine the knowledge retained. GaitMax combines semantic and kinematic information; related language-guided and cross-modal methods use descriptions to structure motion or nuisance learning. Description quality and training-only versus inference-time access are relevant to these comparisons.",https://openaccess.thecvf.com/content/CVPR2026/html/Lu_Text-guided_Feature_Disentanglement_for_Cross-modal_Gait_Recognition_CVPR_2026_paper.html
ye2026foundationgait-eccv-2026,FoundationGait,Gait Learning Frameworks,IV-C,Survey discussion,"Gait-specific pretraining pursues reuse more directly. FoundationGait aggregates public silhouette datasets for self-supervision and downstream transfer, while skeleton-based work studies data and model scaling. Frozen transfer and target fine-tuning provide complementary views of the resulting representations.",https://arxiv.org/abs/2512.00691
cosma2026scaling-aaai-2026,GaitPT scaling study,Gait Learning Frameworks,IV-C,Survey discussion,"Gait-specific pretraining pursues reuse more directly. FoundationGait aggregates public silhouette datasets for self-supervision and downstream transfer, while skeleton-based work studies data and model scaling. Frozen transfer and target fine-tuning provide complementary views of the resulting representations.",https://ojs.aaai.org/index.php/AAAI/article/view/37340
jin2025denoising-cvpr-2025,DenoisingGait,Gait Learning Frameworks,IV-C,Survey discussion,"DenoisingGait uses diffusion and geometric priors to reduce nuisance information in walking-video features. CoD^2 studies collaboration between discriminative and generative diffusion models. BarbieGait supplies identity-linked synthetic clothing diversity together with GaitCLIF learning. These approaches act on different parts of training, from representation construction to supervision coverage.",https://openaccess.thecvf.com/content/CVPR2025/html/Jin_On_Denoising_Walking_Videos_for_Gait_Recognition_CVPR_2025_paper.html
xiong2026cod2-aaai-2026,CoD2,Gait Learning Frameworks,IV-C,Survey discussion,"DenoisingGait uses diffusion and geometric priors to reduce nuisance information in walking-video features. CoD^2 studies collaboration between discriminative and generative diffusion models. BarbieGait supplies identity-linked synthetic clothing diversity together with GaitCLIF learning. These approaches act on different parts of training, from representation construction to supervision coverage.",https://ojs.aaai.org/index.php/AAAI/article/view/38096
cai2026barbiegait-cvpr-2026,GaitCLIF,Gait Learning Frameworks,IV-C,Survey discussion,"DenoisingGait uses diffusion and geometric priors to reduce nuisance information in walking-video features. CoD^2 studies collaboration between discriminative and generative diffusion models. BarbieGait supplies identity-linked synthetic clothing diversity together with GaitCLIF learning. These approaches act on different parts of training, from representation construction to supervision coverage.",https://arxiv.org/abs/2604.12221
cai2026barbiegait-cvpr-2026,GaitCLIF,Gait Learning Frameworks,IV-C,Survey discussion,"Their utility can arise through more training examples, broader conditions per identity, or improved upstream features. BarbieGait evaluates both recognizer pretraining and pose-estimator adaptation, illustrating distinct routes that should remain identifiable. Source-identity separation, ordinary-augmentation baselines, and transfer to unseen real conditions help determine whether synthesis adds useful coverage.",https://arxiv.org/abs/2604.12221
huang2024occluded-eccv-2024,GaitMoE,Handling Real-World Noise,IV-D,Survey discussion,"Missing regions call for selective aggregation or structural inference. The mixture-of-experts method of Huang et al. selects evidence according to visibility; mesh completion and distillation from unobstructed observations introduce additional priors. Aggregation can recover a body region visible in other frames. Persistent occlusion instead forces reliance on remaining evidence or inferred structure, whose confidence should reflect that it was not directly observed.",
xu2023occlusion-tifs-2023,Occlusion-Aware Mesh,Handling Real-World Noise,IV-D,Survey discussion,"Missing regions call for selective aggregation or structural inference. The mixture-of-experts method of Huang et al. selects evidence according to visibility; mesh completion and distillation from unobstructed observations introduce additional priors. Aggregation can recover a body region visible in other frames. Persistent occlusion instead forces reliance on remaining evidence or inferred structure, whose confidence should reflect that it was not directly observed.",https://doi.org/10.1109/TIFS.2023.3236181
gupta2025mimicgait-wacv-2025,MimicGait,Handling Real-World Noise,IV-D,Survey discussion,"Missing regions call for selective aggregation or structural inference. The mixture-of-experts method of Huang et al. selects evidence according to visibility; mesh completion and distillation from unobstructed observations introduce additional priors. Aggregation can recover a body region visible in other frames. Persistent occlusion instead forces reliance on remaining evidence or inferred structure, whose confidence should reflect that it was not directly observed.",https://openaccess.thecvf.com/content/WACV2025/html/Gupta_MimicGait_A_Model_Agnostic_Approach_for_Occluded_Gait_Recognition_using_WACV_2025_paper.html
dou2023gaitgci-cvpr-2023,GaitGCI,Handling Real-World Noise,IV-D,Survey discussion,"Garments alter contour, surface geometry, and sometimes movement. GaitGCI and GaitC3I address covariate-dependent learning; GaitCLIF uses the clothing diversity of BarbieGait to learn more stable identity features. Disentanglement, clothing-balanced supervision, and multimodal cues provide related routes. The remaining difficulty is transfer to garment combinations and body deformations absent from training.",https://openaccess.thecvf.com/content/CVPR2023/html/Dou_GaitGCI_Generative_Counterfactual_Intervention_for_Gait_Recognition_CVPR_2023_paper.html
wang2025gaitc-tcsvt-2025,GaitC3I,Handling Real-World Noise,IV-D,Survey discussion,"Garments alter contour, surface geometry, and sometimes movement. GaitGCI and GaitC3I address covariate-dependent learning; GaitCLIF uses the clothing diversity of BarbieGait to learn more stable identity features. Disentanglement, clothing-balanced supervision, and multimodal cues provide related routes. The remaining difficulty is transfer to garment combinations and body deformations absent from training.",https://doi.org/10.1109/TCSVT.2025.3545210
cai2026barbiegait-cvpr-2026,GaitCLIF,Handling Real-World Noise,IV-D,Survey discussion,"Garments alter contour, surface geometry, and sometimes movement. GaitGCI and GaitC3I address covariate-dependent learning; GaitCLIF uses the clothing diversity of BarbieGait to learn more stable identity features. Disentanglement, clothing-balanced supervision, and multimodal cues provide related routes. The remaining difficulty is transfer to garment combinations and body deformations absent from training.",https://arxiv.org/abs/2604.12221
yao2022improving-tcsvt-2023,Group-Supervised Disentangled Representation Learning (GSDRL),Handling Real-World Noise,IV-D,Survey discussion,"Garments alter contour, surface geometry, and sometimes movement. GaitGCI and GaitC3I address covariate-dependent learning; GaitCLIF uses the clothing diversity of BarbieGait to learn more stable identity features. Disentanglement, clothing-balanced supervision, and multimodal cues provide related routes. The remaining difficulty is transfer to garment combinations and body deformations absent from training.",https://doi.org/10.1109/tmm.2022.3171961
hou2024cloth-tcsvt-2024,CCH,Handling Real-World Noise,IV-D,Survey discussion,"Garments alter contour, surface geometry, and sometimes movement. GaitGCI and GaitC3I address covariate-dependent learning; GaitCLIF uses the clothing diversity of BarbieGait to learn more stable identity features. Disentanglement, clothing-balanced supervision, and multimodal cues provide related routes. The remaining difficulty is transfer to garment combinations and body deformations absent from training.",https://doi.org/10.1109/TCSVT.2024.3360232
li2023depth-cvpr-2023,AUG-OGBase,Handling Real-World Noise,IV-D,Survey discussion,"Garments alter contour, surface geometry, and sometimes movement. GaitGCI and GaitC3I address covariate-dependent learning; GaitCLIF uses the clothing diversity of BarbieGait to learn more stable identity features. Disentanglement, clothing-balanced supervision, and multimodal cues provide related routes. The remaining difficulty is transfer to garment combinations and body deformations absent from training.",https://openaccess.thecvf.com/content/CVPR2023/html/Li_An_In-Depth_Exploration_of_Person_Re-Identification_and_Gait_Recognition_in_CVPR_2023_paper.html
fan2020gaitpart-cvpr-2020,GaitPart,Handling Real-World Noise,IV-D,Survey discussion,"Bags and other objects both obscure body regions and modify arm swing or posture. Local motion models such as GaitPart and DyGait can reduce reliance on affected regions, while semantic and structural inputs support body–object separation. These are partial remedies: excluding the object's pixels does not undo the resulting change in walking dynamics. CCGR's combined conditions provide a broader test than bag presence alone.",https://openaccess.thecvf.com/content_CVPR_2020/html/Fan_GaitPart_Temporal_Part-Based_Model_for_Gait_Recognition_CVPR_2020_paper.html
wang2023dygait-iccv-2023,DyGait,Handling Real-World Noise,IV-D,Survey discussion,"Bags and other objects both obscure body regions and modify arm swing or posture. Local motion models such as GaitPart and DyGait can reduce reliance on affected regions, while semantic and structural inputs support body–object separation. These are partial remedies: excluding the object's pixels does not undo the resulting change in walking dynamics. CCGR's combined conditions provide a broader test than bag presence alone.",https://arxiv.org/abs/2303.14953
zheng2024takes-acmmm-2024,Xgait,Handling Real-World Noise,IV-D,Survey discussion,"Bags and other objects both obscure body regions and modify arm swing or posture. Local motion models such as GaitPart and DyGait can reduce reliance on affected regions, while semantic and structural inputs support body–object separation. These are partial remedies: excluding the object's pixels does not undo the resulting change in walking dynamics. CCGR's combined conditions provide a broader test than bag presence alone.",https://doi.org/10.1145/3664647.3680577
fan2024skegait-aaai-2024,SkeletonGait++,Handling Real-World Noise,IV-D,Survey discussion,"Bags and other objects both obscure body regions and modify arm swing or posture. Local motion models such as GaitPart and DyGait can reduce reliance on affected regions, while semantic and structural inputs support body–object separation. These are partial remedies: excluding the object's pixels does not undo the resulting change in walking dynamics. CCGR's combined conditions provide a broader test than bag presence alone.",
zou2024cross-aaai-2024,ParsingGait,Handling Real-World Noise,IV-D,Survey discussion,"Bags and other objects both obscure body regions and modify arm swing or posture. Local motion models such as GaitPart and DyGait can reduce reliance on affected regions, while semantic and structural inputs support body–object separation. These are partial remedies: excluding the object's pixels does not undo the resulting change in walking dynamics. CCGR's combined conditions provide a broader test than bag presence alone.",
zhang2021cross-cvpr-2021,KoopmanGait,Handling Real-World Noise,IV-D,Survey discussion,KoopmanGait and LagrangeGait model transformations or motion across views; body-coordinate normalization and 3D observations provide geometric alternatives. Their assumptions become more demanding for continuously changing trajectories and elevated cameras than for fixed laboratory views.,https://openaccess.thecvf.com/content/CVPR2021/html/Zhang_Cross-View_Gait_Recognition_With_Deep_Universal_Linear_Embeddings_CVPR_2021_paper.html
chai2022lagrange-cvpr-2022,LagrangeGait,Handling Real-World Noise,IV-D,Survey discussion,KoopmanGait and LagrangeGait model transformations or motion across views; body-coordinate normalization and 3D observations provide geometric alternatives. Their assumptions become more demanding for continuously changing trajectories and elevated cameras than for fixed laboratory views.,https://openaccess.thecvf.com/content/CVPR2022/html/Chai_Lagrange_Motion_Analysis_and_View_Embeddings_for_Improved_Gait_Recognition_CVPR_2022_paper.html
fu2023gpgait-iccv-2023,GPGait,Handling Real-World Noise,IV-D,Survey discussion,KoopmanGait and LagrangeGait model transformations or motion across views; body-coordinate normalization and 3D observations provide geometric alternatives. Their assumptions become more demanding for continuously changing trajectories and elevated cameras than for fixed laboratory views.,https://openaccess.thecvf.com/content/ICCV2023/html/Fu_GPGait_Generalized_Pose-based_Gait_Recognition_ICCV_2023_paper.html
shen2023lidargait-cvpr-2023,LidarGait,Handling Real-World Noise,IV-D,Survey discussion,KoopmanGait and LagrangeGait model transformations or motion across views; body-coordinate normalization and 3D observations provide geometric alternatives. Their assumptions become more demanding for continuously changing trajectories and elevated cameras than for fixed laboratory views.,https://openaccess.thecvf.com/content/CVPR2023/html/Shen_LidarGait_Benchmarking_3D_Gait_Recognition_With_Point_Clouds_CVPR_2023_paper.html
li2024aerialgait-acmmm-2024,AGGNet,Handling Real-World Noise,IV-D,Survey discussion,KoopmanGait and LagrangeGait model transformations or motion across views; body-coordinate normalization and 3D observations provide geometric alternatives. Their assumptions become more demanding for continuously changing trajectories and elevated cameras than for fixed laboratory views.,https://doi.org/10.1145/nnnnnnn.nnnnnnn
liang2022gaitedge-eccv-2022,GaitEdge,Handling Real-World Noise,IV-D,Survey discussion,"Low resolution, blur, weak illumination, and unstable crops couple sensing errors with feature learning. GaitEdge improves preprocessing; quality-aware aggregation reduces unreliable frames' influence. RobustGait evaluates corruption propagated through RGB-to-silhouette processing. Recognition quality also depends on visible identity detail and temporal coverage: a clean mask can still be uninformative. Weighting cannot recover evidence absent throughout a sequence, whereas LiDAR or event sensing changes the available measurement. Selective recognition should report retained coverage alongside accuracy.",https://arxiv.org/abs/2203.03972
hou2022gait-tnnls-2023,GQAN,Handling Real-World Noise,IV-D,Survey discussion,"Low resolution, blur, weak illumination, and unstable crops couple sensing errors with feature learning. GaitEdge improves preprocessing; quality-aware aggregation reduces unreliable frames' influence. RobustGait evaluates corruption propagated through RGB-to-silhouette processing. Recognition quality also depends on visible identity detail and temporal coverage: a clean mask can still be uninformative. Weighting cannot recover evidence absent throughout a sequence, whereas LiDAR or event sensing changes the available measurement. Selective recognition should report retained coverage alongside accuracy.",https://doi.org/10.1109/TNNLS.2022.3154723
wang2024qagait-aaai-2024,QAGait,Handling Real-World Noise,IV-D,Survey discussion,"Low resolution, blur, weak illumination, and unstable crops couple sensing errors with feature learning. GaitEdge improves preprocessing; quality-aware aggregation reduces unreliable frames' influence. RobustGait evaluates corruption propagated through RGB-to-silhouette processing. Recognition quality also depends on visible identity detail and temporal coverage: a clean mask can still be uninformative. Weighting cannot recover evidence absent throughout a sequence, whereas LiDAR or event sensing changes the available measurement. Selective recognition should report retained coverage alongside accuracy.",
peng2025rsanet-pr-2025,RSANet,Handling Real-World Noise,IV-D,Survey discussion,"Low resolution, blur, weak illumination, and unstable crops couple sensing errors with feature learning. GaitEdge improves preprocessing; quality-aware aggregation reduces unreliable frames' influence. RobustGait evaluates corruption propagated through RGB-to-silhouette processing. Recognition quality also depends on visible identity detail and temporal coverage: a clean mask can still be uninformative. Weighting cannot recover evidence absent throughout a sequence, whereas LiDAR or event sensing changes the available measurement. Selective recognition should report retained coverage alongside accuracy.",https://doi.org/10.1016/j.patcog.2024.111219
sayera2026robustgait-wacv-2026,RobustGait,Handling Real-World Noise,IV-D,Survey discussion,"Low resolution, blur, weak illumination, and unstable crops couple sensing errors with feature learning. GaitEdge improves preprocessing; quality-aware aggregation reduces unreliable frames' influence. RobustGait evaluates corruption propagated through RGB-to-silhouette processing. Recognition quality also depends on visible identity detail and temporal coverage: a clean mask can still be uninformative. Weighting cannot recover evidence absent throughout a sequence, whereas LiDAR or event sensing changes the available measurement. Selective recognition should report retained coverage alongside accuracy.",https://arxiv.org/abs/2511.13065
shen2025lidargait-cvpr-2025,LidarGait++,Handling Real-World Noise,IV-D,Survey discussion,"Low resolution, blur, weak illumination, and unstable crops couple sensing errors with feature learning. GaitEdge improves preprocessing; quality-aware aggregation reduces unreliable frames' influence. RobustGait evaluates corruption propagated through RGB-to-silhouette processing. Recognition quality also depends on visible identity detail and temporal coverage: a clean mask can still be uninformative. Weighting cannot recover evidence absent throughout a sequence, whereas LiDAR or event sensing changes the available measurement. Selective recognition should report retained coverage alongside accuracy.",https://openaccess.thecvf.com/content/CVPR2025/html/Shen_LidarGait_Learning_Local_Features_and_Size_Awareness_from_LiDAR_Point_CVPR_2025_paper.html
xu2026eventgait-cvpr-2026,EventGait,Handling Real-World Noise,IV-D,Survey discussion,"Low resolution, blur, weak illumination, and unstable crops couple sensing errors with feature learning. GaitEdge improves preprocessing; quality-aware aggregation reduces unreliable frames' influence. RobustGait evaluates corruption propagated through RGB-to-silhouette processing. Recognition quality also depends on visible identity detail and temporal coverage: a clean mask can still be uninformative. Weighting cannot recover evidence absent throughout a sequence, whereas LiDAR or event sensing changes the available measurement. Selective recognition should report retained coverage alongside accuracy.",https://openaccess.thecvf.com/content/CVPR2026/html/Xu_EventGait_Towards_Robust_Gait_Recognition_with_Event_Streams_CVPR_2026_paper.html
han2022unified-pr-2022,A-Softmax + Triplet,Gait Metric Designs,IV-E,Survey discussion,"Building on the classification and triplet objectives in Section IV-C, metric design refines embedding geometry; a unified analysis relates classification- and distance-based objectives. Generalized Inter-class Loss adjusts pairwise weighting and class-level separation. Progressive memory-based learning further addresses hard positives and negatives beyond an individual mini-batch. WaveLoss adapts the emphasis placed on parts of unequal difficulty. These methods refine how limited training identities define a space for unseen people.",https://doi.org/10.1016/j.patcog.2021.108519
yu2022generalized-acmmm-2022,Generalized inter-class loss for gait recognition,Gait Metric Designs,IV-E,Survey discussion,"Building on the classification and triplet objectives in Section IV-C, metric design refines embedding geometry; a unified analysis relates classification- and distance-based objectives. Generalized Inter-class Loss adjusts pairwise weighting and class-level separation. Progressive memory-based learning further addresses hard positives and negatives beyond an individual mini-batch. WaveLoss adapts the emphasis placed on parts of unequal difficulty. These methods refine how limited training identities define a space for unseen people.",https://doi.org/10.1145/3503161.3548311
dou2022gaitmpl-tip-2024,GaitMPL,Gait Metric Designs,IV-E,Survey discussion,"Building on the classification and triplet objectives in Section IV-C, metric design refines embedding geometry; a unified analysis relates classification- and distance-based objectives. Generalized Inter-class Loss adjusts pairwise weighting and class-level separation. Progressive memory-based learning further addresses hard positives and negatives beyond an individual mini-batch. WaveLoss adapts the emphasis placed on parts of unequal difficulty. These methods refine how limited training identities define a space for unseen people.",https://doi.org/10.1109/TIP.2022.3164543
wang2025waveloss-aaai-2025,WaveLoss,Gait Metric Designs,IV-E,Survey discussion,"Building on the classification and triplet objectives in Section IV-C, metric design refines embedding geometry; a unified analysis relates classification- and distance-based objectives. Generalized Inter-class Loss adjusts pairwise weighting and class-level separation. Progressive memory-based learning further addresses hard positives and negatives beyond an individual mini-batch. WaveLoss adapts the emphasis placed on parts of unequal difficulty. These methods refine how limited training identities define a space for unseen people.",
wu2020condition-tip-2021,Condition-Aware,Gait Metric Designs,IV-E,Survey discussion,"Covariate imbalance motivates additional constraints. Condition-aware comparison and clothing-balanced learning account for uneven observation conditions; GaitC3I revisits the positive and negative relations used for metric supervision. In 2026, GaitMax's conditional decorrelation objective uses nuisance descriptions to complement identity discrimination. Such objectives seek stable matching relations, with their benefit depending on the quality and coverage of the conditioning information.",
hou2024cloth-tcsvt-2024,CCH,Gait Metric Designs,IV-E,Survey discussion,"Covariate imbalance motivates additional constraints. Condition-aware comparison and clothing-balanced learning account for uneven observation conditions; GaitC3I revisits the positive and negative relations used for metric supervision. In 2026, GaitMax's conditional decorrelation objective uses nuisance descriptions to complement identity discrimination. Such objectives seek stable matching relations, with their benefit depending on the quality and coverage of the conditioning information.",https://doi.org/10.1109/TCSVT.2024.3360232
wang2025gaitc-tcsvt-2025,GaitC3I,Gait Metric Designs,IV-E,Survey discussion,"Covariate imbalance motivates additional constraints. Condition-aware comparison and clothing-balanced learning account for uneven observation conditions; GaitC3I revisits the positive and negative relations used for metric supervision. In 2026, GaitMax's conditional decorrelation objective uses nuisance descriptions to complement identity discrimination. Such objectives seek stable matching relations, with their benefit depending on the quality and coverage of the conditioning information.",https://doi.org/10.1109/TCSVT.2025.3545210
huang2026gaitmax-cvpr-2026,GaitMax,Gait Metric Designs,IV-E,Survey discussion,"Covariate imbalance motivates additional constraints. Condition-aware comparison and clothing-balanced learning account for uneven observation conditions; GaitC3I revisits the positive and negative relations used for metric supervision. In 2026, GaitMax's conditional decorrelation objective uses nuisance descriptions to complement identity discrimination. Such objectives seek stable matching relations, with their benefit depending on the quality and coverage of the conditioning information.",https://openaccess.thecvf.com/content/CVPR2026/papers/Huang_Unlocking_Motion_from_Large_Vision_Models_with_a_Semantic_and_CVPR_2026_paper.pdf
habib2025cargait-iccv-2025,CarGait,Gait Metric Designs,IV-E,Survey discussion,"Euclidean, cosine, and part-wise comparisons provide inexpensive retrieval from fixed descriptors. Learned comparison can additionally exploit interactions between a probe and candidate. CarGait re-ranks a shortlist through cross-attention over local features; its benefit depends on candidate recall and pairwise computation. Gallery structure also affects scoring: the LocalScore preprint studies local-density normalization in broader biometric recognition. This is relevant to gait deployment, with its multimodal evidence distinguished from gait-only evaluation.",https://openaccess.thecvf.com/content/ICCV2025/html/Habib_CarGait_Cross-Attention_based_Re-ranking_for_Gait_recognition_ICCV_2025_paper.html
ref-su2026localscore,LocalScore,Gait Metric Designs,IV-E,Survey discussion,"Euclidean, cosine, and part-wise comparisons provide inexpensive retrieval from fixed descriptors. Learned comparison can additionally exploit interactions between a probe and candidate. CarGait re-ranks a shortlist through cross-attention over local features; its benefit depends on candidate recall and pairwise computation. Gallery structure also affects scoring: the LocalScore preprint studies local-density normalization in broader biometric recognition. This is relevant to gait deployment, with its multimodal evidence distinguished from gait-only evaluation.",https://arxiv.org/abs/2602.01012
ref-su2024open,Open-set biometrics: Beyond good closed-set models,Gait Metric Designs,IV-E,Survey discussion,"Rank-1 measures the first match; mAP summarizes retrieval across relevant gallery items; mINP emphasizes the last relevant item's rank. Verification and open-set identification additionally require a rejection operating point. Verification can report true-accept rate (TAR) at fixed false-accept rates (FAR), while open-set identification can report false-negative identification rate (FNIR) at fixed false-positive identification rates (FPIR), with gallery size and mated/non-mated probe composition specified. Holding a validation threshold fixed while varying gallery size or acquisition tests a different capability from recomputing the best threshold for each test set. Subject-level uncertainty and the fraction of retained probes show how calibration and abstention affect reliability and coverage.",https://doi.org/10.1007/978-3-031-73033-7_14
huang2026gaitmax-cvpr-2026,GaitMax,Gait Metric Designs,IV-E,Survey discussion,"Across these dimensions, a practical comparison includes observation duration, upstream extraction, embedding computation, and gallery search. GaitMax, for example, separates backbone and head costs and specifies frame count and resolution. Per-frame computation differs from sequence latency, which also includes waiting for useful observations; deployment cost includes both upstream feature extraction and the recognition head. These constraints connect the methodological choices to the uses considered next.",https://openaccess.thecvf.com/content/CVPR2026/papers/Huang_Unlocking_Motion_from_Large_Vision_Models_with_a_Semantic_and_CVPR_2026_paper.pdf
zou2024cross-aaai-2024,ParsingGait,Benchmark coverage,V-A,Survey discussion,"Controlled collections provide covariate labels and matched conditions, making model failures easier to attribute, but often simplify acquisition or limit population diversity. In-the-wild collections broaden scale and realism, yet rarely provide comparably balanced combinations of people and conditions. GREW's attributes, RA-GAR's richer attribute supervision, and recent language descriptions help characterize these observations. The difficulty is obtaining reliable coverage of interacting factors.",
guo2025gait-tpami-2025,SPOSGait,Benchmark coverage,V-A,Survey discussion,"Controlled collections provide covariate labels and matched conditions, making model failures easier to attribute, but often simplify acquisition or limit population diversity. In-the-wild collections broaden scale and realism, yet rarely provide comparably balanced combinations of people and conditions. GREW's attributes, RA-GAR's richer attribute supervision, and recent language descriptions help characterize these observations. The difficulty is obtaining reliable coverage of interacting factors.",
wang2025ra-aaai-2025,CLIP-GAR,Benchmark coverage,V-A,Survey discussion,"Controlled collections provide covariate labels and matched conditions, making model failures easier to attribute, but often simplify acquisition or limit population diversity. In-the-wild collections broaden scale and realism, yet rarely provide comparably balanced combinations of people and conditions. GREW's attributes, RA-GAR's richer attribute supervision, and recent language descriptions help characterize these observations. The difficulty is obtaining reliable coverage of interacting factors.",
huang2026gaitmax-cvpr-2026,GaitMax,Benchmark coverage,V-A,Survey discussion,"Controlled collections provide covariate labels and matched conditions, making model failures easier to attribute, but often simplify acquisition or limit population diversity. In-the-wild collections broaden scale and realism, yet rarely provide comparably balanced combinations of people and conditions. GREW's attributes, RA-GAR's richer attribute supervision, and recent language descriptions help characterize these observations. The difficulty is obtaining reliable coverage of interacting factors.",https://openaccess.thecvf.com/content/CVPR2026/papers/Huang_Unlocking_Motion_from_Large_Vision_Models_with_a_Semantic_and_CVPR_2026_paper.pdf
wang2025gaitc-tcsvt-2025,GaitC3I,Benchmark coverage,V-A,Survey discussion,"Covariate imbalance can also make aggregate accuracy optimistic about robustness. GaitC3I analyzes how identity–covariate correlations in wild data bias metric learning; stronger results on the dominant, similar-condition pairs need not imply reliable matching across rarer changes. A promising benchmark design couples large natural collections with a smaller, densely annotated diagnostic subset. Pair-conditioned reporting, longitudinal sampling, and held-out combinations would preserve realism while making gains and failures more interpretable.",https://doi.org/10.1109/TCSVT.2025.3545210
wang2026mmgait-cvpr-2026,OmniGait,Missing inputs,V-A,Survey discussion,"MMGait and long-range camera–LiDAR learning enable heterogeneous observations. The challenge is to retain fusion benefits when sensors are missing, asynchronous, or unequally reliable. Quality-conditioned fusion and modality dropout are plausible directions, but evaluations should distinguish measured information from imputed features. Predictable degradation under partial availability may matter more in deployment than the best complete-input score.",https://arxiv.org/abs/2604.15979
lu2026walking-aaai-2026,EMGaitNet,Missing inputs,V-A,Survey discussion,"MMGait and long-range camera–LiDAR learning enable heterogeneous observations. The challenge is to retain fusion benefits when sensors are missing, asynchronous, or unequally reliable. Quality-conditioned fusion and modality dropout are plausible directions, but evaluations should distinguish measured information from imputed features. Predictable degradation under partial availability may matter more in deployment than the best complete-input score.",https://ojs.aaai.org/index.php/AAAI/article/view/37703
ref-liu2025person,FarSight,Whole-body recognition,V-A,Survey discussion,"Face, body shape, appearance, and gait differ in spatial resolution, observation duration, permanence, and failure modes. FarSight integrates these cues under altitude and range, while VILLS studies local and global information for long-range recognition. SapiensID provides a complementary unified model for face and body recognition across pose and scale variations, offering a related foundation for whole-body identity representation. Effective fusion combines complementary evidence while accounting for differences in score scale and input quality. Quality-guided score-fusion experts explicitly address score misalignment and variable input quality.",
ref-huang2025vills,Vills: Video-image learning to learn semantics for person re-identification,Whole-body recognition,V-A,Survey discussion,"Face, body shape, appearance, and gait differ in spatial resolution, observation duration, permanence, and failure modes. FarSight integrates these cues under altitude and range, while VILLS studies local and global information for long-range recognition. SapiensID provides a complementary unified model for face and body recognition across pose and scale variations, offering a related foundation for whole-body identity representation. Effective fusion combines complementary evidence while accounting for differences in score scale and input quality. Quality-guided score-fusion experts explicitly address score misalignment and variable input quality.",https://doi.org/10.1109/wacv61041.2025.00582
ref-kim2025sapiensid,SapiensID,Whole-body recognition,V-A,Survey discussion,"Face, body shape, appearance, and gait differ in spatial resolution, observation duration, permanence, and failure modes. FarSight integrates these cues under altitude and range, while VILLS studies local and global information for long-range recognition. SapiensID provides a complementary unified model for face and body recognition across pose and scale variations, offering a related foundation for whole-body identity representation. Effective fusion combines complementary evidence while accounting for differences in score scale and input quality. Quality-guided score-fusion experts explicitly address score misalignment and variable input quality.",https://arxiv.org/abs/2504.04708
ref-zhu2025qme,QME,Whole-body recognition,V-A,Survey discussion,"Face, body shape, appearance, and gait differ in spatial resolution, observation duration, permanence, and failure modes. FarSight integrates these cues under altitude and range, while VILLS studies local and global information for long-range recognition. SapiensID provides a complementary unified model for face and body recognition across pose and scale variations, offering a related foundation for whole-body identity representation. Effective fusion combines complementary evidence while accounting for differences in score scale and input quality. Quality-guided score-fusion experts explicitly address score misalignment and variable input quality.",https://arxiv.org/abs/2508.00053
huang2024occluded-eccv-2024,GaitMoE,Interacting failures,V-A,Survey discussion,"Real failures combine clothing, occlusion, sensor degradation, and preprocessing error. Factorial stress tests could reveal interactions that single-corruption evaluation misses. Models also need to distinguish recoverable corruption from insufficient observation; quality-aware abstention should report retained coverage, including people with atypical gaits or walking aids.",
sayera2026robustgait-wacv-2026,RobustGait,Interacting failures,V-A,Survey discussion,"Real failures combine clothing, occlusion, sensor degradation, and preprocessing error. Factorial stress tests could reveal interactions that single-corruption evaluation misses. Models also need to distinguish recoverable corruption from insufficient observation; quality-aware abstention should report retained coverage, including people with atypical gaits or walking aids.",https://arxiv.org/abs/2511.13065
freire2026multiyear-pr-2026,Gait + HAR fusion,Generalization,V-A,Survey discussion,"Cross-dataset tests bundle changes in population, cameras, and preprocessing, often obscuring the dominant cause. Unseen-site evaluation paired with controlled shifts could connect laboratory remedies to deployment. Multi-year studies further motivate separating identity persistence from aging, injury, and changing appearance. Session-separated enrollment updates would test adaptation without accumulating incorrect associations.",https://www.sciencedirect.com/science/article/pii/S0031320325012907
ref-su2024open,Open-set biometrics: Beyond good closed-set models,Open-set recognition,V-A,Survey discussion,"Unknown people, changing galleries, and repeated encounters require more than closed-set retrieval. A useful next test freezes calibration on held-out validation identities, then expands the gallery or changes the site. Reporting false identifications, missed identifications, and retained coverage would reveal whether thresholds remain usable. Repeated observations may support enrollment updates, but identity-switch recovery and update errors should be measured alongside search speed and storage.",https://doi.org/10.1007/978-3-031-73033-7_14
cai2026barbiegait-cvpr-2026,GaitCLIF,Foundation models,V-B,Survey discussion,"BarbieGait, DenoisingGait, and CoD^2 use generation as data, prior, and representation learning. For broader reuse, clip count should be distinguished from the number of separable identities and useful conditions per identity. Repeated clothing or background variants can increase volume without equally increasing effective coverage. Gait adds constraints of identity consistency, temporal continuity, and plausible biomechanics. Independent recognizers and held-out real conditions can test identity retention without relying only on the model used to supervise generation; ordinary augmentation remains a relevant baseline.",https://arxiv.org/abs/2604.12221
jin2025denoising-cvpr-2025,DenoisingGait,Foundation models,V-B,Survey discussion,"BarbieGait, DenoisingGait, and CoD^2 use generation as data, prior, and representation learning. For broader reuse, clip count should be distinguished from the number of separable identities and useful conditions per identity. Repeated clothing or background variants can increase volume without equally increasing effective coverage. Gait adds constraints of identity consistency, temporal continuity, and plausible biomechanics. Independent recognizers and held-out real conditions can test identity retention without relying only on the model used to supervise generation; ordinary augmentation remains a relevant baseline.",https://openaccess.thecvf.com/content/CVPR2025/html/Jin_On_Denoising_Walking_Videos_for_Gait_Recognition_CVPR_2025_paper.html
xiong2026cod2-aaai-2026,CoD2,Foundation models,V-B,Survey discussion,"BarbieGait, DenoisingGait, and CoD^2 use generation as data, prior, and representation learning. For broader reuse, clip count should be distinguished from the number of separable identities and useful conditions per identity. Repeated clothing or background variants can increase volume without equally increasing effective coverage. Gait adds constraints of identity consistency, temporal continuity, and plausible biomechanics. Independent recognizers and held-out real conditions can test identity retention without relying only on the model used to supervise generation; ordinary augmentation remains a relevant baseline.",https://ojs.aaai.org/index.php/AAAI/article/view/38096
ref-ye2025biggergait,BiggerGait,Foundation models,V-B,Survey discussion,"General visual pretraining supplies transferable structure, but its objectives need not preserve every distinction between individual walking patterns. BiggerGait finds useful gait information in intermediate layers that is less accessible in the final representation; GaitMax identifies temporal information omitted by order-invariant aggregation of visual features. Together, these findings identify feature selection and temporal encoding as useful interfaces for gait-specific adaptation.",https://proceedings.neurips.cc/paper_files/paper/2025/file/6a5c23219f401f3efd322579002dbb80-Paper-Conference.pdf
huang2026gaitmax-cvpr-2026,GaitMax,Foundation models,V-B,Survey discussion,"General visual pretraining supplies transferable structure, but its objectives need not preserve every distinction between individual walking patterns. BiggerGait finds useful gait information in intermediate layers that is less accessible in the final representation; GaitMax identifies temporal information omitted by order-invariant aggregation of visual features. Together, these findings identify feature selection and temporal encoding as useful interfaces for gait-specific adaptation.",https://openaccess.thecvf.com/content/CVPR2026/papers/Huang_Unlocking_Motion_from_Large_Vision_Models_with_a_Semantic_and_CVPR_2026_paper.pdf
ye2026foundationgait-eccv-2026,FoundationGait,Foundation models,V-B,Survey discussion,"Gait-specific pretraining, including FoundationGait and skeleton-based scaling, offers a complementary route, with greater demands on walking data and training resources. A productive comparison would hold target labels and model capacity as closely matched as possible while contrasting general-model adaptation, dedicated pretraining, and their combination. Reporting pretraining and deployment costs separately would help establish when gait-specific temporal learning, adapters, or distilled students add value to reusable spatial features.",https://arxiv.org/abs/2512.00691
cosma2026scaling-aaai-2026,GaitPT scaling study,Foundation models,V-B,Survey discussion,"Gait-specific pretraining, including FoundationGait and skeleton-based scaling, offers a complementary route, with greater demands on walking data and training resources. A productive comparison would hold target labels and model capacity as closely matched as possible while contrasting general-model adaptation, dedicated pretraining, and their combination. Reporting pretraining and deployment costs separately would help establish when gait-specific temporal learning, adapters, or distilled students add value to reusable spatial features.",https://ojs.aaai.org/index.php/AAAI/article/view/37340
ref-li2024finerehab,FineRehab: A Multi-modality and Multi-task Dataset for Rehabilitation Analysis,Healthcare,V-C,Survey discussion,"Action-based rehabilitation analysis evaluates prescribed movements with known intent and expert quality labels. FineRehab, for example, combines visual and inertial observations for exercise recognition and multidimensional quality assessment. Walking offers a complementary opportunity: it is frequent in daily life and can support repeated observation with less task-specific instruction. Video-based scoliosis studies, ScoliGaitX, and recent skeletal-health modeling demonstrate interest in this direction. Together, these studies motivate task-specific models for repeated assessment of everyday walking.",https://openaccess.thecvf.com/content/CVPR2024W/CVsports/html/Li_FineRehab_A_Multi-modality_and_Multi-task_Dataset_for_Rehabilitation_Analysis_CVPRW_2024_paper.html
ref-zhou2024gait,ScoNet / ScoNet-MT,Healthcare,V-C,Survey discussion,"Action-based rehabilitation analysis evaluates prescribed movements with known intent and expert quality labels. FineRehab, for example, combines visual and inertial observations for exercise recognition and multidimensional quality assessment. Walking offers a complementary opportunity: it is frequent in daily life and can support repeated observation with less task-specific instruction. Video-based scoliosis studies, ScoliGaitX, and recent skeletal-health modeling demonstrate interest in this direction. Together, these studies motivate task-specific models for repeated assessment of everyday walking.",https://papers.miccai.org/miccai-2024/348-Paper1763.html
vishwakarma2026scoligaitx-wacv-2026,ScoliGaitX,Healthcare,V-C,Survey discussion,"Action-based rehabilitation analysis evaluates prescribed movements with known intent and expert quality labels. FineRehab, for example, combines visual and inertial observations for exercise recognition and multidimensional quality assessment. Walking offers a complementary opportunity: it is frequent in daily life and can support repeated observation with less task-specific instruction. Video-based scoliosis studies, ScoliGaitX, and recent skeletal-health modeling demonstrate interest in this direction. Together, these studies motivate task-specific models for repeated assessment of everyday walking.",https://openaccess.thecvf.com/content/WACV2026/html/Vishwakarma_ScoliGaitX_A_Deep_Multi-Modal_Fusion_Network_for_Scoliosis_Assessment_via_WACV_2026_paper.html
gabet2026health-arxiv-2026,Health gait foundation model,Healthcare,V-C,Survey discussion,"Action-based rehabilitation analysis evaluates prescribed movements with known intent and expert quality labels. FineRehab, for example, combines visual and inertial observations for exercise recognition and multidimensional quality assessment. Walking offers a complementary opportunity: it is frequent in daily life and can support repeated observation with less task-specific instruction. Video-based scoliosis studies, ScoliGaitX, and recent skeletal-health modeling demonstrate interest in this direction. Together, these studies motivate task-specific models for repeated assessment of everyday walking.",https://arxiv.org/abs/2603.25283
adeli2026gaitgen-wacv-2026,GAITGen,Healthcare,V-C,Survey discussion,"Atypical gait may reflect pathology, fatigue, footwear, or a person's usual style. Identity-pretrained features can encode a personal baseline, but matching invariance may suppress asymmetry or temporal change needed for assessment. A key comparison is whether identity pretraining improves longitudinal change detection over action- or pose-pretrained features under matched labels and capacity. Task-specific readouts could preserve this distinction. Comparing a patient's change with their own baseline, alongside population-level assessment, would help test whether the representation separates stable personal style from clinically relevant variation. Generative approaches such as GAITGen likewise need condition-relevant biomechanics, beyond visually plausible walking.",https://openaccess.thecvf.com/content/WACV2026/html/Adeli_GAITGen_Disentangled_Motion-Pathology_Impaired_Gait_Generative_Model_--_Bringing_Motion_WACV_2026_paper.html
ref-rollo2023followme,FollowMe: A Robust Person Following Framework Based on Visual Re-Identification and Gestures,Robotics,V-D,Survey discussion,"Human detection, pose, gestures, tracking, and appearance ReID already support robot interaction. FollowMe integrates ReID and gesture recognition with navigation; online continual ReID adapts person-following features to changing viewpoints and appearance. Gait could complement these systems when a person faces away or facial detail is unavailable, particularly during reacquisition after occlusion. Existing components establish a feasible integration context, while gait's incremental value still needs robot-based evaluation.",https://doi.org/10.1109/ARSO56563.2023.10187536
ref-ye2024robotreid,Person Re-Identification for Robot Person Following With Online Continual Learning,Robotics,V-D,Survey discussion,"Human detection, pose, gestures, tracking, and appearance ReID already support robot interaction. FollowMe integrates ReID and gesture recognition with navigation; online continual ReID adapts person-following features to changing viewpoints and appearance. Gait could complement these systems when a person faces away or facial detail is unavailable, particularly during reacquisition after occlusion. Existing components establish a feasible integration context, while gait's incremental value still needs robot-based evaluation.",https://doi.org/10.1109/LRA.2024.3438042
shen2024comprehensive-tbiom-2025,"A comprehensive survey on deep gait recognition: Algorithms, datasets, and challenges",Privacy and responsible use,VI,Survey discussion,"Gait can support identification and linkage when facial detail is unavailable. Identity information can persist in silhouettes and compact embeddings. Relevant risks include unwanted identification, cross-release linkage, and sensitive-attribute inference; security additionally concerns impersonation, evasion, and tampering.",https://doi.org/10.1109/TBIOM.2024.3486345
he2023temporal-pr-2023,Temporal Sparse Adversarial Attack,Privacy and responsible use,VI,Survey discussion,"Protection can act on videos, derived representations, templates, or access to outputs. Each protection claim should specify the released object, the adversary's access, and the downstream utility to be retained. Adversarial gait methods manipulate temporal or contour information, while GaitProtector uses diffusion-latent optimization for gait de-identification. GaitEditor explores a complementary route through semantic attribute editing in a GAN latent space, using stronger and repeated edits to reduce identity recognizability while retaining visually plausible walking sequences. Their protection depends on attacker access, transfer to unseen recognizers, and survival through compression and re-extraction. Evaluation can examine transfer to independent recognizers, adaptation to protected data, and linkage across repeated releases. For example, testing a new recognizer trained on protected outputs would ask whether identity information remains learnable, beyond whether protection transfers to an already trained model. Repeated-release tests should also examine whether observations that are individually difficult to identify become linkable when combined.",https://doi.org/10.1016/j.patcog.2022.109028
hou2025edge-ijcv-2024,Edge-Oriented Adversarial Attack,Privacy and responsible use,VI,Survey discussion,"Protection can act on videos, derived representations, templates, or access to outputs. Each protection claim should specify the released object, the adversary's access, and the downstream utility to be retained. Adversarial gait methods manipulate temporal or contour information, while GaitProtector uses diffusion-latent optimization for gait de-identification. GaitEditor explores a complementary route through semantic attribute editing in a GAN latent space, using stronger and repeated edits to reduce identity recognizability while retaining visually plausible walking sequences. Their protection depends on attacker access, transfer to unseen recognizers, and survival through compression and re-extraction. Evaluation can examine transfer to independent recognizers, adaptation to protected data, and linkage across repeated releases. For example, testing a new recognizer trained on protected outputs would ask whether identity information remains learnable, beyond whether protection transfers to an already trained model. Repeated-release tests should also examine whether observations that are individually difficult to identify become linkable when combined.",https://doi.org/10.1007/s11263-024-02225-1
gaitprotector2026-arxiv-2026,GaitProtector,Privacy and responsible use,VI,Survey discussion,"Protection can act on videos, derived representations, templates, or access to outputs. Each protection claim should specify the released object, the adversary's access, and the downstream utility to be retained. Adversarial gait methods manipulate temporal or contour information, while GaitProtector uses diffusion-latent optimization for gait de-identification. GaitEditor explores a complementary route through semantic attribute editing in a GAN latent space, using stronger and repeated edits to reduce identity recognizability while retaining visually plausible walking sequences. Their protection depends on attacker access, transfer to unseen recognizers, and survival through compression and re-extraction. Evaluation can examine transfer to independent recognizers, adaptation to protected data, and linkage across repeated releases. For example, testing a new recognizer trained on protected outputs would ask whether identity information remains learnable, beyond whether protection transfers to an already trained model. Repeated-release tests should also examine whether observations that are individually difficult to identify become linkable when combined.",https://arxiv.org/abs/2605.12431
ref-ma2024gaiteditor,Pedestrian Attribute Editing for Gait Recognition and Anonymization,Privacy and responsible use,VI,Survey discussion,"Protection can act on videos, derived representations, templates, or access to outputs. Each protection claim should specify the released object, the adversary's access, and the downstream utility to be retained. Adversarial gait methods manipulate temporal or contour information, while GaitProtector uses diffusion-latent optimization for gait de-identification. GaitEditor explores a complementary route through semantic attribute editing in a GAN latent space, using stronger and repeated edits to reduce identity recognizability while retaining visually plausible walking sequences. Their protection depends on attacker access, transfer to unseen recognizers, and survival through compression and re-extraction. Evaluation can examine transfer to independent recognizers, adaptation to protected data, and linkage across repeated releases. For example, testing a new recognizer trained on protected outputs would ask whether identity information remains learnable, beyond whether protection transfers to an already trained model. Repeated-release tests should also examine whether observations that are individually difficult to identify become linkable when combined.",https://arxiv.org/abs/2303.05076v2
